"2813 S THOMAS BARCLAY DR, Chicago (IL)",41.842766,-87.6592809,499000,166.333333333
"5244 N Nashville, Chicago (IL)",41.976981,-87.791831,529000,293.888888889
"6061 N. Oconto, Chicago (IL)",41.991713,-87.807975,674000,269.6
"822 n wood, Chicago (IL)",41.896717,-87.672513,580000,446.153846154
"10901 s washtenaw, Chicago (IL)",41.695205,-87.688276,750000,153.06122449
"5727 N Lansing, Chicago (IL)",41.985165,-87.75133,424000,148.981026001
"2043 W. Huron St., Chicago (IL)",41.893795,-87.67867,599000,260.434782609
"1454 N. Orleans St., Chicago (IL)",41.909201,-87.637817,724700,414.114285714
"3445 West 85th Place, Chicago (IL)",41.737627,-87.708634,299000,119.6
"968 W Cuyler Ave, Chicago (IL)",41.955709,-87.653757,649000,216.333333333
"9821 S Avenue H, Chicago (IL)",41.7173894,-87.5328056,89000,55.625
"1128 N LEAMINGTON AVE, Chicago (IL)",41.901308,-87.754871,234900,159.470468432
"1919 W Ohio St, Chicago (IL)",41.892073,-87.67528,239000,183.846153846
"5229 South Springfield Avenue, Chicago (IL)",41.7978736,-87.7208003,260000,222.602739726
"11342 S.Drake, Chicago (IL)",41.811483,-87.712115,304500,243.990384615
"6249 W. Fletcher st., Chicago (IL)",41.937194,-87.782937,354000,175.769612711
"5954 W. GRACE ST, Chicago (IL)",41.949672,-87.77633,399000,172.354211663
"2813 S THOMAS BARCLAY DR, Chicago (IL)",41.842766,-87.6592809,499000,166.333333333
"5244 N Nashville, Chicago (IL)",41.976981,-87.791831,529000,293.888888889
"6061 N. Oconto, Chicago (IL)",41.991713,-87.807975,674000,269.6
"822 n wood, Chicago (IL)",41.896717,-87.672513,580000,446.153846154
"1759 n wilmot ave, chicago (IL)",41.913883,-87.680788,2849000,452.222222222
"120 n laramie ave, chicago (IL)",41.8830405,-87.7551737,179000,1432.0
"4932 karlov, chicago (IL)",41.803227,-87.726237,379900,259.494535519
"2937 w jerome st, chicago (IL)",42.0180689,-87.703421,439000,168.846153846
"8129 s karlov, chicago (IL)",41.744886,-87.723097,265000,41.9436530548
"680 n lake shore drive unit # 704, chicago (IL)",41.8946965,-87.6156614,1745000,601.724137931
"1634 w erie st, chicago (IL)",41.8935559,-87.668611,1150000,287.5
"4932 n karlov ave, chicago (IL)",41.971042,-87.730917,389900,266.325136612
"4431 greenview #1s, chicago (IL)",41.962567,-87.667304,325000,295.454545455
"2529 n sacramento ave #1, chicago (IL)",41.9274947,-87.7023564,499000,216.956521739
"4818 w warner, chicago (IL)",41.95641,-87.748277,450000,225.0
"3223 63rd place, chicago (IL)",41.7780184,-87.704029,289900,96.6333333333
"1133 e 83rd unit #195 st, chicago (IL)",41.705907,-87.716683,285000,135.714285714
"4942 s cornell ave, chicago (IL)",41.804755,-87.587318,339000,230.142566191
"8844 s union ave, chicago (IL)",41.732979,-87.641456,289900,107.37037037
"8846 s union ave, chicago (IL)",41.7329419,-87.6410829,284900,105.518518519
"5436 s indiana #1, chicago (IL)",41.795468,-87.621333,215000,165.384615385
"3853 n. kimball ave., chicago (IL)",41.951776,-87.712484,665000,207.8125
"3254 w 64th st, chicago (IL)",41.777366,-87.705292,144900,2.89077306733
"47 e 100th st, chicago (IL)",41.712398,-87.621749,164900,101.476923077
"6555 Mozart, Chicago (IL)",42.0010011,-87.7009334,650000,274.957698816
"5806 n lincoln ave, chicago (IL)",41.9870125,-87.7017172,550000,183.333333333
"3045 fargo, chicago (IL)",42.0162,-87.706104,419900,247.0
"2137 w morse ave, chicago (IL)",42.0069919,-87.685361,419000,201.539201539
"1127 w wolfram, chicago (IL)",41.93323,-87.65737,999900,277.75
"2429 n marshfield, chicago (IL)",41.92621,-87.669026,799500,380.714285714
"7233 s luella ave, chicago (IL)",41.763422,-87.569753,435000,212.195121951
"6035 n st louis ave, chicago (IL)",41.991286,-87.7160959,419900,238.038548753
"2900 w irving park rd, chicago (IL)",41.954277,-87.701031,410000,282.75862069
"5751 n oriole ave, chicago (IL)",41.984985,-87.81653,349000,87.1410736579
"4755 n kilbourn, chicago (IL)",41.9675899,-87.7414294,330000,212.903225806
"2650 w madison #4a, chicago (IL)",41.8811192,-87.6929409,320000,228.571428571
"4235 n kedzie, chicago (IL)",41.958633,-87.707799,299900,299.9
"5926 s california ave, chicago (IL)",41.785551,-87.693921,269900,10.7422885572
"10838 s st. louis st, chicago (IL)",41.6957221,-87.7083272,233500,223.018147087
"837 s western ave, chicago (IL)",41.870318,-87.685775,229900,294.743589744
"4155 n. bell, chicago (IL)",41.957472,-87.684581,1150000,294.871794872
"3140 w fillmore #1, chicago (IL)",41.8682469,-87.7047243,169900,141.583333333
"7215 s paulina st, chicago (IL)",41.762526,-87.66583,148500,95.9302325581
"8640 s phillips ave, chicago (IL)",41.737799,-87.565163,138000,177.150192555
"2214 n mango ave, chicago (IL)",41.920803,-87.769865,135900,92.4489795918
"4155 n bell, chicago (IL)",41.957472,-87.684581,1150000,294.871794872
"1651 s miller st unit 1, chicago (IL)",41.858389,-87.6518849,429000,195.0
"5727 north lansing avenue, chicago (IL)",41.985165,-87.75133,399000,139.315642458
"1744 west 105th street, chicago (IL)",41.70321,-87.666532,359000,249.305555556
"2347 w. ohio st., chicago (IL)",41.891986,-87.68614,315000,189.759036145
"621 s. plymouth court unit 504, chicago (IL)",41.873938,-87.628565,233000,258.888888889
"2901 s michigan avenue unit 607, chicago (IL)",41.841002,-87.62295,194000,153.968253968
"40 e. 9th street unit 1818, chicago (IL)",41.871605,-87.626712,230000,255.555555556
"1529 s state street 11c, chicago (IL)",41.861097,-87.626879,259900,313.13253012
"124 w polk st, chicago (IL)",41.872457,-87.631494,265000,220.833333333
"1530 s state street 619, chicago (IL)",41.8610153,-87.6273641,269900,255.103969754
"1530 s state street 826, chicago (IL)",41.8610153,-87.6273641,299900,251.593959732
"1530 s state 14m, chicago (IL)",41.8632866,-87.6657969,359900,252.384291725
"1530 s state street 608, chicago (IL)",41.8610153,-87.6273641,364900,297.87755102
"1155 s state unit 602, chicago (IL)",41.8678947,-87.6273479,389900,286.480529023
"1305 s. michigan unit 1901, chicago (IL)",41.865578,-87.623713,419000,313.622754491
"1530 s state street unit 911, chicago (IL)",41.8610153,-87.6273641,489000,305.625
"1530 s state street 16b, chicago (IL)",41.8610153,-87.6273641,519900,327.186910006
"1215 s prairie unit 1002, chicago (IL)",41.8661608,-87.6216442,651500,421.137685844
"1478h so prairie, chicago (IL)",41.86243,-87.621782,709900,273.038461538
"1215 s prairie avenue 4305, chicago (IL)",41.8163866,-87.6197441,949000,632.666666667
"1308 n astor st, Chicago (IL)",41.906157,-87.627701,4350000,913.865546218
"1715 n fremont st, Chicago (IL)",41.913212,-87.650426,1748000,514.117647059
"1515 n state pkwy, Chicago (IL)",41.910012,-87.628444,5495000,686.875
"1451 n astor st, chicago (IL)",41.909314,-87.62722,6100000,871.428571429
"1449 n astor, Chicago (IL)",41.90923,-87.627212,7950000,993.75
"25 e banks st, Chicago (IL)",41.906643,-87.627859,12000000,800.0
"4018 s king drive, chicago (IL)",41.821375,-87.6175669,999000,222.0
"3055 n. olcott, chicago (IL)",41.935973,-87.813635,449900,288.397435897
"1253 w foster unit 1e, chicago (IL)",41.9760149,-87.662058,334900,223.266666667
"3509 w carmen ave, chicago (IL)",41.972642,-87.716352,390900,229.941176471
"3024 n major ave, chicago (IL)",41.935692,-87.769161,389100,322.102649007
"7818 s kimbark ave, chicago (IL)",41.752583,-87.5934259,352000,117.333333333
"5744 w henderson st, chicago (IL)",41.941525,-87.7708229,350000,346.534653465
"7758 w victoria st, chicago (IL)",41.985363,-87.821524,345000,346.038114343
"9051 s jeffery blvd, chicago (IL)",41.730083,-87.57519,325000,122.919818457
"7328 w everell ave, chicago (IL)",41.992823,-87.811562,325000,275.190516511
"5843 w eastwood ave, chicago (IL)",41.964699,-87.773983,314900,209.933333333
"3220 n newcastle ave, chicago (IL)",41.938819,-87.797273,305000,253.955037469
"5259 s fairfield, chicago (IL)",41.797504,-87.692326,259900,7.39928825623
"6626 s keating ave, chicago (IL)",41.779442,-87.741448,215000,177.539223782
"832 e 90th st, chicago (IL)",41.731476,-87.603304,189900,146.86774942
"6927 w balmoral, chicago (IL)",41.978464,-87.800883,255900,255.9
"8542 s sangamon ave, chicago (IL)",41.7383669,-87.647678,269000,99.6296296296
"6247 n harlem ave, chicago (IL)",41.994881,-87.80645,267900,198.591549296
"6200 s troy st, chicago (IL)",41.780675,-87.7023059,259900,99.3501529052
"5119 w cornelia st, chicago (IL)",41.943919,-87.7551979,252900,168.6
"3748 w 83rd st, chicago (IL)",41.7422985,-87.7163205,217900,136.1875
"6142 s massasoit ave, chicago (IL)",41.78031,-87.765817,215000,179.166666667
"9328 s escanaba ave, chicago (IL)",41.725471,-87.5542959,199000,156.569630212
"4718 w adams st, chicago (IL)",41.878419,-87.743556,189900,94.95
"930 w wolfram, chicago (IL)",41.933816,-87.652756,1749000,349.8
"5957 N Nina, Chicago (IL)",41.989026,-87.8009469,1649900,329.98
"5447 s ridgewood ct, chicago (IL)",41.796657,-87.592262,1350000,281.25
"4348 n tripp, chicago (IL)",41.96051,-87.734588,1200000,240.0
"1242 w jackson st #1e, chicago (IL)",41.8777826,-87.6586606,639900,246.115384615
"5482 s woodlawn ave, chicago (IL)",41.795619,-87.5969889,575000,239.583333333
"8557 s sangamon st, chicago (IL)",41.738031,-87.6469709,175000,56.0
"10861 s avenue f, chicago (IL)",41.6979712,-87.5304003,169900,188.150609081
"6204 n melvina, chicago (IL)",41.994386,-87.783208,409000,185.82462517
"1642 s spaulding avenue, chicago (IL)",41.8577673,-87.7078492,165000,103.125
"6015 w barry ave, chicago (IL)",41.936359,-87.776816,399000,199.5
"9415 s justine st, chicago (IL)",41.7225899,-87.661136,160000,129.240710824
"8516 s manistee st, chicago (IL)",41.7403959,-87.557897,160000,42.6666666667
"2501 w 36th, chicago (IL)",41.8284167,-87.6875585,349000,158.636363636
"2453 n springfield ave., chicago (IL)",41.926112,-87.724024,319000,294.280442804
"634 e 89th pl, chicago (IL)",41.732295,-87.608118,150000,144.230769231
"3629 s giles #4, chicago (IL)",41.828394,-87.618923,299900,199.933333333
"3556 s seeley #103, chicago (IL)",41.8288704,-87.6764425,289900,217.316341829
"3111 w 54th pl., chicago (IL)",41.794201,-87.70164,289000,77.0666666667
"4915 s kedvale, chicago (IL)",41.803717,-87.726773,288000,76.8
"3629 s giles #2, chicago (IL)",41.828394,-87.618923,269900,179.933333333
"4355 s komensky, chicago (IL)",41.813591,-87.724667,269900,61.6914285714
"7712 s oglesby st, chicago (IL)",41.754888,-87.567853,140000,121.739130435
"5053 w wolfram, chicago (IL)",41.932099,-87.753583,264500,168.793873644
"3656 w 60th pl., chicago (IL)",41.783589,-87.71535,259000,62.7878787879
"4504 n lawndale, chicago (IL)",41.9631029,-87.720928,245000,174.253200569
"8000 s harvard, chicago (IL)",41.748831,-87.633374,239900,119.95
"7834 s evans st, chicago (IL)",41.752041,-87.606804,130000,131.712259372
"3037 w polk #3, chicago (IL)",41.870734,-87.7023619,225000,180.0
"1805 s central park ave, chicago (IL)",41.856916,-87.714794,209900,55.9733333333
"4814 w quincy st, chicago (IL)",41.87795,-87.745979,209900,167.92
"1910 s state#333, chicago (IL)",41.8559569,-87.627757,200000,276.243093923
"1307 w 110th st, chicago (IL)",41.693758,-87.654934,119900,112.160898036
"7214 s aberdeen, chicago (IL)",41.762804,-87.65198,175000,6.96517412935
"5651 s fairfield, chicago (IL)",41.790402,-87.692126,169921,54.37472
"9544 s calumet, chicago (IL)",41.720456,-87.615664,161000,146.363636364
"5530 s south shore, chicago (IL)",41.7947242,-87.5804578,149000,124.166666667
"5121 odell avenue, chicago (IL)",41.973239,-87.810398,2999900,2941.07843137
"2423 w. erie, chicago (IL)",41.89275,-87.687735,1000000,263.157894737
"7124 s washtenaw, chicago (IL)",41.763805,-87.690905,127000,144.318181818
"6526 s hermitage ave, chicago (IL)",41.774945,-87.668105,120500,108.754512635
"2310 w. jackson unit c, chicago (IL)",41.8775872,-87.6844294,329900,192.923976608
"2630 n. moody, chicago (IL)",41.9283379,-87.779855,295000,210.714285714
"10562 s edbrooke ave, chicago (IL)",41.701665,-87.619994,85000,58.0997949419
"1452 w 71st pl, chicago (IL)",41.7642979,-87.66097,72500,60.4166666667
"6011 s carpenter ave, chicago (IL)",41.784661,-87.650648,54900,68.625
"6422 s parnell ave, chicago (IL)",41.77732,-87.63901,39900,46.9411764706
"10901 s washtenaw, Chicago (IL)",41.695205,-87.688276,750000,153.06122449
"5727 N Lansing, Chicago (IL)",41.985165,-87.75133,424000,148.981026001
"10918 s. springfield, chicago (IL)",41.694244,-87.718358,439900,183.291666667
"6969 ashland blvd 103, chicago (IL)",42.008496,-87.6695699,179000,105.294117647
"1224 w. van buren, chicago (IL)",41.87684,-87.658297,295000,280.952380952
"2137 w morse, chicago (IL)",42.0069919,-87.685361,469000,225.589225589
"7626 s perry, chicago (IL)",41.755536,-87.628403,260000,128.968253968
"2015 w fletcher st, Chicago (IL)",41.938377,-87.679011,1175000,293.75
"1900 w wolfram, Chicago (IL)",41.933484,-87.675901,1295000,227.192982456
"1413 n keeler ave, chicago (IL)",41.906689,-87.730958,230000,76.6666666667
"915 n laramie ave, chicago (IL)",41.8972475,-87.7556283,275000,137.5
"1521 n hamlin ave, chicago (IL)",41.908815,-87.721276,279900,279.9
"1318 w 109th pl, chicago (IL)",41.695191,-87.655438,99900,83.25
"11626 s vincennes st, Chicago (IL)",41.6826546,-87.6689154,125000,124.378109453
"1254 w 102nd pl, chicago (IL)",41.70839,-87.654765,149900,124.916666667
"10106 s morgan st, chicago (IL)",41.710211,-87.648149,166900,157.452830189
"11142 s. loomis st, chicago (IL)",41.690914,-87.657372,175000,163.246268657
"943 w 111th street, chicago (IL)",41.692039,-87.646506,194900,190.146341463
"10508 s sangamon street, chicago (IL)",41.702907,-87.6467,197500,185.272045028
"11542 s carpenter st, chicago (IL)",41.683729,-87.648539,259900,185.642857143
"10352 s walden pkwy, chicago (IL)",41.7049962,-87.6692973,279000,186.0
"11249 homewood, chicago (IL)",41.5572567,-87.6656014,279952,93.3173333333
"11039 s bell ave, chicago (IL)",41.6931889,-87.677189,299999,220.101980924
"1711 w. 101st. st., chicago (IL)",41.7100483,-87.6652061,309000,206.0
"1635 w 106th st, chicago (IL)",41.700795,-87.6632769,449900,229.540816327
"11526 s bell ave, chicago (IL)",41.68375,-87.677749,469900,229.555446996
"11200 s longwood dr, chicago (IL)",41.689759,-87.672676,475000,182.692307692
"11200 s. longwood, chicago (IL)",41.689759,-87.672676,489900,188.423076923
"2961 N.Sheridan Riad, Chicago (IL)",41.9361,-87.638958,2250000,409.090909091
"2307 w thomas st, chicago (IL)",41.901065,-87.684987,535000,310.68524971
"2013 w evergreen ave, chicago (IL)",41.905715,-87.67786,569000,299.473684211
"1815 wabansia, chicago (IL)",41.912166,-87.673305,599000,332.777777778
"6935 n wildwood, chicago (IL)",42.0070819,-87.771682,1795000,309.482758621
"2033 n orleans st, chicago (IL)",41.919319,-87.637431,3500000,466.666666667
"2152 n. cleveland ave., chicago (IL)",41.921651,-87.6417,1995000,498.75
"2954 w logan blvd., chicago (IL)",41.928948,-87.702089,2195000,274.375
"2623 n paulina ave, chicago (IL)",41.9294572,-87.6707134,2300000,377.049180328
"1520 n state st, chicago (IL)",41.6299657,-87.5501841,2499900,624.975
"3537 n greenview ave, chicago (IL)",41.946292,-87.6660519,3175000,496.09375
"1400 n astor st, Chicago (IL)",41.907913,-87.627891,6900000,690.0
"1524 n astor, chicago (IL)",41.910271,-87.62795,9995000,1665.83333333
"3941 n. marshfield, chicago (IL)",41.95365,-87.669904,1349900,337.475
"1707 w. nelson, chicago (IL)",41.936662,-87.671313,1240000,310.0
"2427 w. huron, chicago (IL)",41.893657,-87.687928,1000000,263.157894737
"6345 canfield, chicago (IL)",41.996268,-87.82109,589000,275.620028077
"1802 w. diversey #j, chicago (IL)",41.933965,-87.673705,519900,236.318181818
"4111 pittsburgh, chicago (IL)",41.954346,-87.832655,389000,221.022727273
"444 e. 90th street, chicago (IL)",41.731329,-87.612576,215000,205.741626794
"1449 n. mohawk, chicago (IL)",41.909,-87.641802,2099000,419.8
"7948 s muskegon, chicago (IL)",41.75045,-87.555632,65000,68.4210526316
"1513 west montana street, chicago (IL)",41.9258219,-87.6663559,879000,399.545454545
"4506 w. larchmont, chicago (IL)",41.9532574,-87.676292,849900,207.292682927
"4214 s michigan ave, chicago (IL)",41.817756,-87.623507,57000,69.8529411765
"3800 n sacramento ave, chicago (IL)",41.950426,-87.703373,679000,194.0
"5903 west leland, chicago (IL)",41.9658471,-87.7748706,649000,182.816901408
"Chicago, IL 60643, Chicago (IL)",41.7072025,-87.6679765,335000,236.08174771
"7062 moselle, Chicago (IL)",42.009031,-87.77652,839000,279.666666667
"9157 S. Winchester, Chicago (IL)",41.726706,-87.670888,449000,236.315789474
"2712 W WARREN BLVD # 2, Chicago (IL)",41.8820325,-87.694445,335000,186.111111111
"chicago (IL)",41.850033,-87.6500523,399900,296.222222222
"chicago (IL)",41.850033,-87.6500523,399900,218.286026201
"chicago (IL)",41.850033,-87.6500523,389900,212.827510917
"chicago (IL)",41.850033,-87.6500523,385000,350.0
"chicago (IL)",41.850033,-87.6500523,326900,295.302619693
"7441 n maplewood ave, chicago (IL)",42.017068,-87.69338,349000,230.05932762
"3612 n oak park ave, chicago (IL)",41.945934,-87.796349,339000,282.971619366
"2856 touhy, chicago (IL)",42.01222,-87.701889,335000,181.081081081
"6225 s moody ave, chicago (IL)",41.778891,-87.774841,329900,328.258706468
"7934 s karlov ave, chicago (IL)",41.748388,-87.724593,325000,232.142857143
"7800 s normal ave, chicago (IL)",41.752404,-87.6370589,285000,149.214659686
"1536 e 93rd st, chicago (IL)",41.726227,-87.58701,295000,113.461538462
"5954 s maplewood ave, chicago (IL)",41.784914,-87.687804,290000,161.111111111
"7704 s drexel ave, chicago (IL)",41.754726,-87.603184,278000,115.833333333
"3309 n austin ave, chicago (IL)",41.940617,-87.775923,289000,289.0
"4931 w wrightwood ave, chicago (IL)",41.927605,-87.7501769,289000,144.5
"732 e 42 nd st, chicago (IL)",41.818841,-87.607872,285000,109.615384615
"2723 s crowell, chicago (IL)",41.844192,-87.656892,280000,159.090909091
"1651 w 99th st, chicago (IL)",41.713341,-87.665242,264900,177.309236948
"13000 s avenue n, chicago (IL)",41.659,-87.539029,275000,229.166666667
"6223 s mayfield ave, chicago (IL)",41.779013,-87.768731,269900,134.95
"7836 s marquette ave, chicago (IL)",41.752512,-87.558854,270000,145.945945946
"824 e 89th st, chicago (IL)",41.7332759,-87.603537,269000,96.0714285714
"7426 s indiana ave, chicago (IL)",41.759223,-87.620424,250000,83.3333333333
"1325 n lawndale ave, chicago (IL)",41.9053141,-87.7190297,255000,221.739130435
"6657 w 63 pl, chicago (IL)",41.7763769,-87.788357,254872,231.701818182
"10937 s kedzie ave ave, chicago (IL)",41.850033,-87.6500523,254900,245.805207329
"5944 s parkside ave, chicago (IL)",41.784016,-87.76353,229000,239.539748954
"5741 s francisco ave, chicago (IL)",41.7888019,-87.695741,250000,218.722659668
"3725 w 80th st, chicago (IL)",41.747512,-87.715555,249000,207.5
"10952 s albany, chicago (IL)",41.773094,-87.70089,242000,224.074074074
"8401 s aberdeen st, chicago (IL)",41.74131,-87.650711,239900,79.9666666667
"2208 e 93rd st, chicago (IL)",41.72646,-87.570123,240000,145.454545455
"6404 s narragansett ave, chicago (IL)",41.7757072,-87.781178,229000,212.037037037
"5916 s artesian ave, chicago (IL)",41.7859369,-87.685396,225000,128.718535469
"chicago (IL)",41.850033,-87.6500523,220000,140.127388535
"chicago (IL)",41.850033,-87.6500523,220000,134.638922889
"6204 s normandy ave, chicago (IL)",41.779176,-87.788995,219000,167.04805492
"7819 s st. louis ave, chicago (IL)",41.750943,-87.7094,214900,143.266666667
"8543 s hermitage st, chicago (IL)",41.738122,-87.666419,200000,142.857142857
"11431 s forrestville ave, chicago (IL)",41.686319,-87.609143,194500,114.411764706
"chicago (IL)",41.850033,-87.6500523,194900,138.031161473
"5421 w thomas st, chicago (IL)",41.9000879,-87.761743,189900,160.93220339
"8453 s constance, chicago (IL)",41.740921,-87.579075,170000,108.974358974
"7643 s marshfield ave, chicago (IL)",41.7545209,-87.664411,189900,135.642857143
"11004 s avenue n, chicago (IL)",41.6952209,-87.539239,185900,169.0
"7031 s oakley ave, chicago (IL)",41.765577,-87.680385,185000,154.682274247
"11442 s wentworth ave, chicago (IL)",41.685893,-87.6280419,149500,111.567164179
"3772 w 76th pl, chicago (IL)",41.7545209,-87.71728,175000,187.969924812
"8929 s eggleston ave, chicago (IL)",41.731726,-87.634627,172980,138.828250401
"12840 s muskegon ave, chicago (IL)",41.661596,-87.554747,167500,139.583333333
"8317 s kerfoot ave, chicago (IL)",41.7428943,-87.6416869,164900,137.416666667
"9817 s bensley ave, chicago (IL)",41.7167249,-87.56309,154000,154.0
"1228 w 98th st, chicago (IL)",41.716162,-87.654036,165000,103.125
"chicago (IL)",41.850033,-87.6500523,162500,165.985699694
"7818 s evans st, chicago (IL)",41.752454,-87.606814,160000,134.453781513
"7811 s bishop st, chicago (IL)",41.751838,-87.65979,140000,86.4731315627
"10612 s edbrooke ave, chicago (IL)",41.70125,-87.6199929,155000,116.892911011
"1308 n harding ave, chicago (IL)",41.904761,-87.725484,150500,13.0563025939
"1152 w 111th pl, chicago (IL)",41.691588,-87.651714,150000,120.0
"2046 w 76th st, chicago (IL)",41.756002,-87.675169,144900,108.134328358
"6512 s talman ave, chicago (IL)",41.775011,-87.689974,149000,124.166666667
"13525 s avenue n, chicago (IL)",41.6491929,-87.53831,148000,148.0
"12845 s exchange ave, chicago (IL)",41.661482,-87.551622,143900,119.916666667
"8206 s saginaw ave, chicago (IL)",41.746054,-87.560418,143900,99.9305555556
"11842 s indiana, chicago (IL)",41.789036,-87.620705,140000,141.557128413
"7734 s aberdeen st, chicago (IL)",41.753135,-87.651728,120000,96.1538461538
"6529 s artesian ave, chicago (IL)",41.77473,-87.684392,137900,119.704861111
"727 w 54th st, chicago (IL)",41.795892,-87.643773,137000,109.6
"1914 n burling, chicago (IL)",41.9165009,-87.647632,3695000,595.967741935
"7921 s ridgeland ave, chicago (IL)",41.750859,-87.581204,129900,78.4420289855
"10053 s lafayette ave, chicago (IL)",41.711095,-87.624459,122500,127.074688797
"3728 north wayne avenue, chicago (IL)",41.949812,-87.663205,1999000,346.207135435
"7725 s langley ave, chicago (IL)",41.754112,-87.607373,129000,88.6597938144
"2814 n. paulina, chicago (IL)",41.932889,-87.671178,1739000,334.423076923
"1722 n. winchester, chicago (IL)",41.913092,-87.676638,1750000,397.727272727
"8818 s carpenter st, chicago (IL)",41.7335629,-87.649984,129000,114.159292035
"1630 n. hermitage ave., chicago (IL)",41.911536,-87.67171,1475000,327.777777778
"2023 w. school, chicago (IL)",41.941125,-87.679336,1445000,361.25
"3929 n janssen, chicago (IL)",41.953395,-87.665358,1369000,316.020313943
"3500 n lake shore drive unit 14c, chicago (IL)",41.9462852,-87.6418948,1150000,328.571428571
"1715 n. wells #34, chicago (IL)",41.9140919,-87.633664,995000,301.515151515
"3500 n lake shore drive unit 8c, chicago (IL)",41.9462852,-87.6418948,950000,271.428571429
"4113 north kenneth, chicago (IL)",41.955754,-87.739,878880,175.776
"1358 w 115th st, chicago (IL)",41.68515,-87.656575,120000,60.0
"4906 s. cornell, chicago (IL)",41.805515,-87.586808,799000,228.285714286
"3853 s lowe, chicago (IL)",41.8239571,-87.6422628,729900,173.785714286
"2440 n lake view unit 16f, chicago (IL)",41.926857,-87.6391872,749214,312.1725
"8550 s. peoria ct., chicago (IL)",41.7381875,-87.6460823,269900,99.962962963
"10613 s green st, chicago (IL)",41.70096,-87.643513,115000,113.412228797
"1633 n. bell, chicago (IL)",41.911384,-87.683243,639000,304.285714286
"1739 w. belmont, chicago (IL)",41.9394599,-87.672544,629900,261.695056086
"680 lake shore dr. unit 818, chicago (IL)",41.8735011,-87.6173176,600000,285.714285714
"1345 w. arthur, chicago (IL)",42.000136,-87.66488,579000,196.271186441
"11354 s morgan st, chicago (IL)",41.68695,-87.647434,105000,116.666666667
"11204 s sangamon st, chicago (IL)",41.690253,-87.64632,99900,99.9
"1645 w. estes, chicago (IL)",42.011181,-87.671881,500000,125.0
"10633 s bensley ave, chicago (IL)",41.7017499,-87.562868,79900,84.1052631579
"375 w. erie unit 213, chicago (IL)",41.893679,-87.640081,431600,287.733333333
"858 w. lakeside pl # a, chicago (IL)",41.968409,-87.65248,429900,238.833333333
"7300 w. addison, chicago (IL)",41.9454769,-87.809626,430000,268.75
"chicago (IL)",41.850033,-87.6500523,89900,111.677018634
"6621 s claremont ave, chicago (IL)",41.773108,-87.681768,89900,89.0099009901
"2057 w 69th pl, chicago (IL)",41.7675089,-87.6757554,69900,34.95
"4711 malden unit 2s, chicago (IL)",41.96756,-87.662338,420000,262.5
"2086 w. greenleaf, chicago (IL)",42.010411,-87.6838159,419000,349.166666667
"320 w oakdale unit 2003, chicago (IL)",41.93585,-87.638006,399900,249.9375
"1030 n state unit 5l, chicago (IL)",41.9011065,-87.6283544,398214,318.5712
"600 n kingsbury unit 405, chicago (IL)",41.8956019,-87.643427,399000,342.489270386
"3262 west armitage, chicago (IL)",41.917795,-87.709503,385000,181.347150259
"8141 s woodlawn ave, chicago (IL)",41.746528,-87.594986,79900,122.923076923
"844 w fullerton unit 1, chicago (IL)",41.925902,-87.650556,369000,283.846153846
"3434 n elston unit 2, chicago (IL)",41.943313,-87.704413,349900,189.135135135
"1044 west catalpa, chicago (IL)",41.9818765,-87.6568336,340000,188.888888889
"5359 s normandy, chicago (IL)",41.794277,-87.788824,329900,67.0392196708
"6555 w. foster, chicago (IL)",41.975357,-87.792393,324900,298.347107438
"600 n dearborn unit 1502, chicago (IL)",41.892731,-87.630489,325000,351.351351351
"3660 n. lake shore #2413, chicago (IL)",41.9501009,-87.6440904,309000,278.378378378
"12504 s wallace st, chicago (IL)",41.666704,-87.637064,69000,69.0
"3110 n sheridan #1210, chicago (IL)",41.9383709,-87.64013,295000,236.0
"4200 n marine dr unit 406, chicago (IL)",41.958835,-87.6472409,275000,229.166666667
"2119 w. 54th place, chicago (IL)",41.7945319,-87.677592,129900,68.3684210526
"7742 n. paulina 2-e, chicago (IL)",42.022327,-87.673266,249900,166.6
"1000 e. 53rd street unit 403, chicago (IL)",41.800131,-87.601638,212000,169.6
"2719 w. wellington unit # 1, chicago (IL)",41.9357361,-87.6959955,214900,268.625
"chicago (IL)",41.850033,-87.6500523,309900,344.333333333
"780 s. federal street unit 905, chicago (IL)",41.872593,-87.629873,211900,302.282453638
"3818 west 87th street, chicago (IL)",41.73521,-87.717424,204900,162.10443038
"2537 w. patterson ave., chicago (IL)",41.9472685,-87.727422,1447900,314.760869565
"2455 w. grace street, chicago (IL)",41.950326,-87.6904187,1259900,273.891304348
"2533 w. patterson ave., chicago (IL)",41.9472685,-87.727422,1289800,280.391304348
"10340 s. hamilton, chicago (IL)",41.827444,-87.6792059,1100000,244.444444444
"3650 n. avondale, chicago (IL)",41.947187,-87.721602,849900,261.749307053
"1262-5 w. bryn mawr, chicago (IL)",41.983961,-87.662629,637000,286.678667867
"4858 w warner avenue unit 2s, chicago (IL)",41.956154,-87.7498029,149900,194.422827497
"1500 east 63rd street, chicago (IL)",41.7806136,-87.5890282,415000,267.741935484
"1500 east 63rd street, chicago (IL)",41.7806136,-87.5890282,415000,267.741935484
"Chicago, IL 60629, Chicago (IL)",41.7677004,-87.7074089,229000,152.666666667
"1915 West Dickens, Chicago (IL)",41.919346,-87.6759299,885000,260.294117647
"5468 S. Ellis Ave., Chicago (IL)",41.795931,-87.601658,799000,326.12244898
"Chicago, IL 60615, Chicago (IL)",41.8003921,-87.603826,572000,211.851851852
"4112 N Mango single fam, Chicago (IL)",41.850033,-87.6500523,469000,390.833333333
"5842 S Neva, Chicago (IL)",41.785264,-87.800336,299900,202.909336942
"1555 N. Hoyne, Chicago (IL)",41.909801,-87.679488,2,0.000333333333333
"2614 N. Clybourn, Chicago (IL)",41.928939,-87.675416,409000,255.625
"6137 W. Lawrence Avenue (quiet, one way street), Chicago (IL)",41.850033,-87.6500523,335000,335.0
"3123 N. Clifton, Chicago (IL)",41.9387649,-87.657358,1495000,293.137254902
"3269 W. Wrightwoood, Chicago (IL)",41.927917,-87.709951,799999,290.908727273
"4812 N Nordica, Chicago (IL)",41.968766,-87.802867,720000,288.0
"245 Pleasant Ave., Chicago (IL)",41.7268177,-87.6697884,615000,186.363636364
"3909 North Paris ave, Chicago (IL)",41.950729,-87.830171,559900,197.70480226
"3715 N Olcott, Chicago (IL)",41.947123,-87.814047,539900,234.739130435
"3238 N Oketo Ave, Chicago (IL)",41.939125,-87.811824,510000,170.0
"1648 N Normandy Ave, Chicago (IL)",41.9105459,-87.792733,469000,151.290322581
"6041 N. Campbell, Chicago (IL)",41.991674,-87.691772,459000,282.461538462
"5449 N Linder Ave, Chicago (IL)",41.980739,-87.7656,445000,158.928571429
"1620 N. Troy Ave., Chicago (IL)",41.910838,-87.705958,440000,240.43715847
"6615 N. Oliphant Avenue, Chicago (IL)",42.000684,-87.817831,439500,313.928571429
"1306 W PRATT BLVD, Chicago (IL)",42.005695,-87.664028,375000,201.612903226
"3028 W Jerome St, Chicago (IL)",42.018552,-87.70549,420000,112.51004554
"4040 N.Pioneer Ave., Chicago (IL)",41.953471,-87.832128,424900,169.96
"5849 N. Talman Ave, Chicago (IL)",41.98822,-87.695314,414000,345.0
"5043 n winthrop, Chicago (IL)",41.974548,-87.657358,389900,304.609375
"9146 S. Longwood Dr., Chicago (IL)",41.726886,-87.668749,360000,212.264150943
"2113 N NEVA Galewood, Chicago (IL)",41.918501,-87.803717,379000,194.358974359
"5501 N. MELVINA AVE, Chicago (IL)",41.981234,-87.783174,345000,185.88362069
"3337 N Pioneer Avenue, Chicago (IL)",41.940439,-87.8309979,349900,233.266666667
"5833 North Kimball Ave, Chicago (IL)",41.987671,-87.713542,345000,143.75
"5155 S. Natoma, Chicago (IL)",41.79799,-87.787727,325000,295.454545455
"4318 S. Kedvale Ave., Chicago (IL)",41.81452,-87.727835,299900,143.905950096
"1120 N Ridgeway, Chicago (IL)",41.901567,-87.720528,299000,249.166666667
"447 N Harding, Chicago (IL)",41.889359,-87.72432,280000,233.333333333
"1340E89Pl, Chicago (IL)",41.732538,-87.5912929,259900,226.0
"2948 N. Mobile Ave, Chicago (IL)",41.934315,-87.783703,249900,320.384615385
"3242 West 85th Street, Chicago (IL)",41.739077,-87.703801,194500,149.730561971
"8453 S. Saginaw, Chicago (IL)",41.741162,-87.559628,187500,156.25
"4800 S Chicago Beach #602S, Chicago (IL)",41.8064449,-87.586489,150000,151.515151515
"6052 n. troy st., chicago (IL)",41.991785,-87.708281,555000,348.618090452
"1924 N. New England Ave., Chicago (IL)",41.9152293,-87.7974092,385000,193.176116407
"226 N Clinton St Unit 724, Chicago (IL)",41.886376,-87.641996,369000,335.454545455
"Chicago (IL)",41.850033,-87.6500523,249000,226.363636364
"5323 N. Newcastle Ave., Chicago (IL)",41.9778809,-87.797175,424900,166.236306729
"7818 W. Berwyn Ave, Chicago (IL)",41.976209,-87.8226339,379000,275.436046512
"1750 W. Henderson St., Chicago (IL)",41.942659,-87.673124,799000,347.391304348
"Chicago (IL)",41.850033,-87.6500523,222000,167.547169811
"3251 w crystal street, chicago (IL)",41.903474,-87.708806,349900,194.388888889
"3617 W 80th St, Chicago (IL)",41.747556,-87.71286,192900,186.557059961
"8518 S Komensky Ave, Chicago (IL)",41.737912,-87.723084,306900,118.038461538
"2816 W. 83rd Place, Chicago (IL)",41.742013,-87.693177,255900,213.25
"2825 west 84th street, chicago (IL)",41.740839,-87.693436,225000,187.5
"4812 N Nordica, Chicago (IL)",41.968766,-87.802867,695000,302.173913043
"2909-B N. Wolcott Ave., Chicago (IL)",41.9344759,-87.674565,624900,297.571428571
"1800 W. Roscoe %%23423, Chicago (IL)",41.943512,-87.674115,345500,314.090909091
"1445 N. Long Ave, Chicago (IL)",41.907159,-87.760501,255000,85.0
"2810 West 103rd Street, Chicago (IL)",41.706593,-87.692068,369900,194.684210526
"11236 S Rockwell St, Chicago (IL)",41.688827,-87.686393,235000,117.5
"10512 S. Kedzie Ave., Chicago (IL)",41.702088,-87.701555,229500,153.0
"10741 S Homan, Chicago (IL)",41.729716,-87.649169,255000,340.0
"6248 lawndale, chicago (IL)",41.995189,-87.721823,489000,407.5
"5831 W Greenleaf, Chicago (IL)",42.009045,-87.7732879,1789000,447.25
"2924 w. jerome st., chicago (IL)",42.01861,-87.702907,429000,214.5
"6244 north keystone ave, chicago (IL)",41.995018,-87.730438,409000,340.833333333
"6201 north kirkwood avenue, chicago (IL)",41.993778,-87.740337,975000,271.436525612
"4325 W. Norwood Street, Chicago (IL)",41.990383,-87.7372989,639900,266.625
"9634 S. Oakley, Chicago (IL)",41.718142,-87.679893,389000,216.111111111
"9634 s. oakley, chicago (IL)",41.718142,-87.679893,379900,211.055555556
"6645 North Fairfield Ave, Chicago (IL)",42.002558,-87.698194,489000,174.642857143
"6360 S Lawler Ave, Chicago (IL)",41.776614,-87.748303,279900,155.5
"4857 w drummond, chicago (IL)",41.92853,-87.748728,395000,131.666666667
"6145 N Kirkwood Ave, Chicago (IL)",41.993249,-87.740782,839000,466.111111111
"6340 W Huntington, Chicago (IL)",41.993046,-87.786434,599000,299.5
"5712 N Leonard, Chicago (IL)",41.9873915,-87.7686757,320000,333.333333333
"3801-a n. milwaukee avenue, chicago (IL)",41.950085,-87.7412669,449900,186.448404476
"7620 S Chappel, Chicago (IL)",41.756355,-87.5751389,200000,7.96019900498
"7620 S Chappel, Chicago (IL)",41.756355,-87.5751389,200000,111.111111111
"11617 s. hale ave, chicago (IL)",41.682163,-87.672289,175000,144.151565074
"7441 N. Oriole, Chicago (IL)",42.016349,-87.8159979,499999,333.332666667
"3315 North Oketo Avenue, Chicago (IL)",41.940181,-87.811171,398000,173.043478261
"6303 W. Cornelia, Chicago (IL)",41.943599,-87.783911,368000,73.6
"2906 north merrimac ave., chicago (IL)",41.933177,-87.782447,349000,217.445482866
"3612 N. Oak Park, Chicago (IL)",41.945934,-87.796349,359000,276.153846154
"5919 W. Newport Avenue, Chicago (IL)",41.942783,-87.7747569,419000,240.528128588
"6817 W Palatine, Chicago (IL)",41.994813,-87.797395,539900,224.958333333
"7633 W. Palatine Ave., Chicago (IL)",41.994807,-87.818071,375000,517.24137931
"5711 N Canfield, Chicago (IL)",41.983542,-87.823092,370000,309.623430962
"6148 S. Mayfiled Ave, Chicago (IL)",41.780118,-87.769479,279900,199.928571429
"6217 s. melvina, chicago (IL)",41.779032,-87.776066,265000,220.833333333
"5201 S. Lotus Ave, Chicago (IL)",41.798162,-87.758441,295000,184.375
"5308 S Austin Ave, Chicago (IL)",41.795876,-87.77252,260000,236.363636364
"3713 N. Osceola, Chicago (IL)",41.947069,-87.81281,449000,280.625
"7218 W Fitch Ave, Chicago (IL)",42.0110529,-87.80745,375000,250.0
"7344 N. Oconto Ave., Chicago (IL)",42.014803,-87.8081629,360000,387.931034483
"5440 S. Kildare, Chicago (IL)",41.793724,-87.730868,285000,262.915129151
"4118 W 57th Pl, Chicago (IL)",41.788891,-87.726334,265000,110.416666667
"4062 S. Maplewood, Chicago (IL)",41.819221,-87.688767,215000,69.3548387097
"5322 S. Kildare, Chicago (IL)",41.796059,-87.730934,339900,154.5
"4935 S. Kostner Ave., Chicago (IL)",41.803067,-87.73288,287000,143.5
"4353 S Whipple St, Chicago (IL)",41.813909,-87.700152,265000,235.137533274
"3920 n osceola ave, chicago (IL)",41.951695,-87.813729,368000,241.153342071
"4337 n moody, chicago (IL)",41.959636,-87.780309,339500,130.576923077
"7020 W 63RD Pl, Chicago (IL)",41.776825,-87.796833,255000,134.210526316
"3408 N. Normandy, Chicago (IL)",41.9421899,-87.793752,539000,215.6
"4704 N. Kewanee Avenue, Chicago (IL)",41.965986,-87.73286,346000,247.142857143
"3620 W 55 Th Pl, Chicago (IL)",41.7924348,-87.7144175,199000,66.3333333333
"4414 W Leland, Chicago (IL)",41.966549,-87.739247,799000,221.944444444
"4511 N Campbell, Chicago (IL)",41.963494,-87.690834,649000,262.753036437
"6732 S. Kilbourn, Chicago (IL)",41.770215,-87.73508,255000,68.0
"3756 W. 57th Pl., Chicago (IL)",41.7887622,-87.7177382,265000,1325.0
"10650 South State Street, Chicago (IL)",41.700187,-87.623651,130000,108.333333333
"1932 S. Kedzie Ave, Chicago (IL)",41.854411,-87.705669,325000,295.454545455
"7263 W. Palatine Ave., Chicago (IL)",41.995142,-87.80925,469000,213.181818182
"5518 S. Rockwell, Chicago (IL)",41.793173,-87.689243,233500,62.2666666667
"5036 n. kenneth, chicago (IL)",41.972866,-87.739665,359900,361.708542714
"6043 N. Northwest Hwy %%2310, Chicago (IL)",41.991296,-87.796795,168500,216.025641026
"4639 n. leamington, chicago (IL)",41.96544,-87.755869,347000,243.50877193
"4918 N. Whipple Ave., Chicago (IL)",41.9709239,-87.705218,489900,244.95
"Chicago (IL)",41.850033,-87.6500523,344900,246.357142857
"3456 W. Berwyn, Chicago (IL)",41.9775312,-87.715288,649000,287.677304965
"3550 W Montrose Ap 403, Chicago (IL)",41.96111,-87.7172863,284999,247.825217391
"4955 W. Winona, Chicago (IL)",41.9741069,-87.752539,419000,279.333333333
"1740 W Superior St, Chicago (IL)",41.895316,-87.671337,889000,246.944444444
"942 North Winchester Ave, Chicago (IL)",41.898975,-87.6762509,600000,222.222222222
"Chicago (IL)",41.850033,-87.6500523,599000,299.5
"7439 S Michigan, Chicago (IL)",41.758978,-87.621072,295000,77.6315789474
"3328 N. Hoyne, Chicago (IL)",41.942246,-87.681199,725000,241.666666667
"1235 East 71st Street, Chicago (IL)",41.765738,-87.594415,140000,121.739130435
"7518 S Ingleside, Chicago (IL)",41.7579459,-87.602052,145000,120.833333333
"510 e. 89th st., chicago (IL)",41.733154,-87.61148,375000,125.0
"8352 S. St. Lawrence, Chicago (IL)",41.742357,-87.610292,279900,164.647058824
"8244 S. Loomis Blvd., Chicago (IL)",41.743657,-87.658752,185000,145.211930926
"817 W Lill Ave Unit 1, Chicago (IL)",41.927897,-87.649665,849000,339.6
"10328 S. Avenue F, Chicago (IL)",41.7076798,-87.5304292,192500,128.333333333
"910 S Claremont Ave, Chicago (IL)",41.86989,-87.685267,400000,222.222222222
"1641 W Irving Park Rd, Chicago (IL)",41.953963,-87.67063,509000,254.5
"2703 N. Ashland, Chicago (IL)",41.9307609,-87.6679429,750000,250.836120401
"2675B North Greenview Avenue, Chicago (IL)",41.9307052,-87.6659018,635000,288.636363636
"1847 North Cleveland Ave%%2c %%233, Chicago (IL)",41.916026,-87.640868,539000,414.615384615
"Chicago (IL)",41.850033,-87.6500523,339900,202.321428571
"455 Saint Peter Street, Chicago (IL)",42.4781514,-88.1031569,300000,181.818181818
"2043 W. Huron St., Chicago (IL)",41.893795,-87.67867,599000,260.434782609
"2243 W. Cullom Ave, Chicago (IL)",41.959279,-87.685438,1224900,306.225
"3445 West 85th Place, Chicago (IL)",41.737627,-87.708634,299000,119.6
"968 W Cuyler Ave, Chicago (IL)",41.955709,-87.653757,649000,216.333333333
"9821 S Avenue H, Chicago (IL)",41.7173894,-87.5328056,89000,55.625
"6548 S. Sangamon St., Chicago (IL)",41.774657,-87.6486539,160000,101.781170483
"1128 N LEAMINGTON AVE, Chicago (IL)",41.901308,-87.754871,234900,159.470468432
"1919 W Ohio St, Chicago (IL)",41.892073,-87.67528,239000,183.846153846
"5229 South Springfield Avenue, Chicago (IL)",41.7978736,-87.7208003,260000,222.602739726
"11342 S.Drake, Chicago (IL)",41.811483,-87.712115,304500,243.990384615
"6249 W. Fletcher st., Chicago (IL)",41.937194,-87.782937,354000,175.769612711
